<?xml version="1.0" encoding="UTF-8"?>

<model package="migxgpmhelper" baseClass="xPDOObject" platform="mysql" defaultEngine="MyISAM" phpdoc-package="" phpdoc-subpackage="" version="1.1">

  <object class="mghCategory" table="mgh_categories" extends="xPDOSimpleObject">
    <field key="element_id" dbtype="int" precision="10" phptype="integer" null="false" default="0" index="index"/>
    <field key="package" dbtype="varchar" precision="255" phptype="string" null="false" default=""/>
    <field key="static_path" dbtype="varchar" precision="255" phptype="string" null="false" default=""/>
    <aggregate alias="Element" class="modCategory" local="element_id" foreign="id" cardinality="one" owner="foreign" />
  </object> 
  <object class="mghPackage" table="mgh_packages" extends="xPDOSimpleObject">
    <field key="package" dbtype="varchar" precision="255" phptype="string" null="false" default=""/>
    <field key="packageDescription" dbtype="text" phptype="string" null="false" default="" />
    <field key="version" dbtype="varchar" precision="100" phptype="string" null="false" default="" />
    <field key="release" dbtype="varchar" precision="100" phptype="string" null="false" default="" />
    <field key="menus" dbtype="text" phptype="string" null="false" default="" />
  </object>    

</model>